Name,CAS
Benzyl Alcohol,100-51-6
6-Methyl Coumarin,92-48-8
Citral,106-26-3|141-27-5|203-379-2|205-476-5|5392-40-5
Isoeugenol,227-633-7|227-678-2|5912-86-7|5932-68-3|97-54-1
Citronellol,106-22-9|1117-61-9|214-250-5|231-415-7|26489-01-0|7540-51-4
Limonene,138-86-3|227-813-5|227-815-6|5989-27-5|5989-54-8|7705-14-8
Pinus Mugo Leaf Oil; Pinus Mugo Twig Leaf Extract; Pinus Mugo Twig Oil,90082-72-7
Pinus Pumila Needle Extract; Pinus Pumila Twig Leaf Extract; Pinus Pumila Twig Leaf Oil,97676-05-6
Cedrus Atlantica Bark Extract; Cedrus Atlantica Bark Oil; Cedrus Atlantica Bark Water; Cedrus Atlantica Leaf Extract; Cedrus Atlantica Wood Extract; Cedrus Atlantica Wood Oil,8023-85-6|92201-55-3
Turpentine,8006-64-2|8052-14-0|9005-90-7
Alpha-Terpinene,99-86-5
Terpinolene,586-62-9
Myroxylon Balsamum Pereirae Balsam Extract; Myroxylon Balsamum Pereirae Balsam Oil; Myroxylon Pereirae Oil; Myroxylon Pereirae Resin Extract; Myroxylon Pereirae Resin,8007-00-9
Alpha-Damascone; cis-Rose ketone 1,23696-85-7|23726-91-2|23726-92-3|23726-94-5|245-833-2|245-842-1|245-843-7|246-430-4|24720-09-0|260-709-8|275-156-8|43052-87-5|57378-68-4|71048-82-3
3-Propylidenephthalide,17369-59-4
Lippia citriodora absolute,8024-12-2|85116-63-8
Methyl Salicylate,119-36-8
Acetyl Cedrene,32388-55-9
Amyl Salicylate,2050-08-0
Anethole,104-46-1|4180-23-8
Benzaldehyde,100-52-7
Camphor,21368-68-3|464-48-2|464-49-3|76-22-2
Beta-Caryophyllene,87-44-5
Carvone,2244-16-8|6485-40-1|99-49-0
Dimethyl Phenethyl Acetate,151-05-3
Hexadecanolactone,109-29-5
Hexamethylindanopyran,1222-05-5
Linalyl Acetate,115-95-7
Menthol,1490-04-6|15356-60-2|2216-51-5|89-78-1
Trimethylcyclopentenyl Methylisopentenol,67801-20-1
Salicylaldehyde,90-02-8
Santalol,11031-45-1|115-71-9|77-42-9
Sclareol,515-03-7
Terpineol,138-87-4|586-81-2|8000-41-7|98-55-5
Tetramethyl acetyloctahydronaphthalenes,54464-57-2|54464-59-4|68155-66-8|68155-67-9
Trimethylbenzenepropanol,103694-68-4
Vanillin,121-33-5
Cananga Odorata Flower Extract; Cananga Odorata Flower Oil,68606-83-7|8006-81-3|83863-30-3|93686-30-7
Cinnamomum Cassia Leaf Oil,8007-80-5|84961-46-6
Cinnamomum Zeylanicum Bark Oil,8015-91-6|84649-98-9
Citrus Aurantium Amara Flower Oil,232-433-8|72968-50-4|8016-38-4|8028-48-6
Citrus Aurantium Amara Peel Oil,232-433-8|307-891-8|68916-04-1|72968-50-4|8008-57-9|8028-48-6|97766-30-8
Citrus Aurantium Bergamia Peel Oil,68648-33-9|8007-75-8|85049-52-1|89957-91-5
Citrus Limon Peel Oil,8008-56-8|84929-31-7
Cymbopogon Schoenanthus Oil,295-161-9|8007-02-1|89998-16-3|91844-92-7
Eucalyptus Globulus Leaf Oil;,616-775-9|8000-48-4|97926-40-4
Eugenia Caryophyllus Leaf Oil,284-638-7|8000-34-8|8015-97-2|84961-50-2
Jasminum Grandiflorum Flower Extract; Jasminum Officinale Oil; Jasminum Officinale Flower Extract,8022-96-6|8024-43-9|84776-64-7|90045-94-6
Juniperus Virginiana Oil; Juniperus Virginiana Wood Oil,8000-27-9|85085-41-2
Laurus Nobilis Leaf Oil,8002-41-3|8007-48-5|84603-73-6
Lavandula Hybrida Oil; Lavandula Hybrida Extract; Lavandula Hybrida Flower Extract;,283-994-0|289-995-2|8000-28-0|8022-15-9|84776-65-8|90063-37-9|91722-69-9|92623-76-2|93455-96-0|93455-97-1
Mentha Piperita Oil,8006-90-4|84082-70-2
Mentha Viridis Leaf Oil,8008-79-5|84696-51-5
Narcissus Poeticus Extract,290-086-8|290-088-9|68917-12-4|90064-25-8|90064-26-9|90064-27-0
Pelargonium Graveolens Flower Oil,8000-46-2|90082-51-2
Pogostemon Cablin Oil,8014-09-3|84238-39-1
Rosa Damascena Flower Oil; Rosa Damascena Flower Extract,283-289-8|283-290-3|283-652-0|296-213-3|297-122-1|8007-01-0|84604-12-6|84604-13-7|84696-47-9|90106-38-0|92347-25-6|93334-48-6
Santalum Album Oil,8006-87-9|84787-70-2
Eugenyl Acetate,93-28-7
Geranyl Acetate,105-87-3
Isoeugenyl Acetate,93-29-8
Pinene,127-91-3|18172-67-3|7785-70-8|80-56-8
Amyl Cinnamal,122-40-7
Cinnamyl Alcohol,104-54-1
Hydroxycitronellal,107-75-5
Amylcinnamyl Alcohol,101-85-9
Benzyl Salicylate,118-58-1
Geraniol,106-24-1
Anise Alcohol,105-13-5
Benzyl Cinnamate,103-41-3
Farnesol,4602-84-0
Linalool,78-70-6|126-90-9|126-91-0
Benzyl Benzoate,120-51-4
Hexyl Cinnamal,101-86-0
Methyl 2-octynoate,111-12-6
Alpha-Isomethyl Ionone,127-51-5
Evernia Prunastri Review,90028-68-5
Evernia Furfuracea Extract (Tree Moss),90028-67-4
Butylphenyl Methylpropional (Lilial) - BANNED,80-54-6
Hydroxyisohexyl 3-cyclohexene carboxaldehyde (Lyral) - BANNED,31906-04-4|51414-25-6
