Stock Name,Linked Material Name (Dropdown),Note
2 3-Dimethyl Pyrazine 1% in DPG from PW,2 3-Dimethyl Pyrazine 1% in DPG from PW,
2 3-Dimethyl Pyrazine 10% in DPG from PW,2 3-Dimethyl Pyrazine 10% in DPG from PW,
2 3-Dimethyl Pyrazine from PW,2 3-Dimethyl Pyrazine from PW,
2 Acetyl Thaizole from PW,2 Acetyl Thaizole from PW,
2-Acetyl Pyrazine 1% in DPG from PW,2-Acetyl Pyrazine 1% in DPG from PW,
2-Acetyl Pyrazine from PW,2-Acetyl Pyrazine from PW,
2-iso Propyl 4 Methyl Thiazole 1% in DPG from PW,2-iso Propyl 4 Methyl Thiazole 1% in DPG from PW,
2-iso Propyl 4 Methyl Thiazole from PW,2-iso Propyl 4 Methyl Thiazole from PW,
2-Methyl-2-Pentenoic Acid 10% in DPG from PW,2-Methyl-2-Pentenoic Acid 10% in DPG from PW,
2-Methyl-2-Pentenoic Acid from PW,2-Methyl-2-Pentenoic Acid from PW,
2-Methylbutyl 2-Methylbutyrate from PW,2-Methylbutyl 2-Methylbutyrate from PW,
2-Octen-4-one from PW,2-Octen-4-one from PW,
3-Methyl-3-Methoxy Butanol (MMB) from PW,3-Methyl-3-Methoxy Butanol (MMB) from PW,
A-ALDEHYDE F-TEC from PW,A-ALDEHYDE F-TEC from PW,
A-Aldehyde Fleuressence from PW,A-Aldehyde Fleuressence from PW,
ACACIA F-TEC from PW,ACACIA F-TEC from PW,
Acacia Fleuressence from PW,Acacia Fleuressence from PW,
Acetic Acid from PW,Acetic Acid from PW,
Acetoin 10% in DPG from PW,Acetoin 10% in DPG from PW,
Acetoin from PW,Acetoin from PW,
Acetophenone from PW,Acetophenone from PW,
Acetyl Isoeugenol 10% in DPG from PW,Acetyl Isoeugenol 10% in DPG from PW,
Acetyl Isoeugenol from PW,Acetyl Isoeugenol from PW,
Adoxal 10% in DPG from PW,Adoxal 10% in DPG from PW,
Adoxal from PW,Adoxal from PW,
AGARWOOD F-TEC from PW,AGARWOOD F-TEC from PW,
Agarwood Fleuressence from PW,Agarwood Fleuressence from PW,
Agarwood Oil Siam 10% in DPG from PW,Agarwood Oil Siam 10% in DPG from PW,
Agarwood Oil Siam from PW,Agarwood Oil Siam from PW,
Agarwood Siam 10% in Nagarmotha Oil from PW,Agarwood Siam 10% in Nagarmotha Oil from PW,
Alcohol C-7 Heptanol from PW,Alcohol C-7 Heptanol from PW,
Alcohol C-8 Octanol from PW,Alcohol C-8 Octanol from PW,
Alcohol C-9 from PW,Alcohol C-9 from PW,
Aldehyde C-10 Decanal 10% in DPG from PW,Aldehyde C-10 Decanal 10% in DPG from PW,
Aldehyde C-10 Decanal 50% in DPG from PW,Aldehyde C-10 Decanal 50% in DPG from PW,
Aldehyde C-10 Decanal from PW,Aldehyde C-10 Decanal from PW,
Aldehyde C-11 Undecanal 10% in DPG from PW,Aldehyde C-11 Undecanal 10% in DPG from PW,
Aldehyde C-11 Undecanal from PW,Aldehyde C-11 Undecanal from PW,
Aldehyde C-11 Undecylenic 10% in DPG from PW,Aldehyde C-11 Undecylenic 10% in DPG from PW,
Aldehyde C-11 Undecylenic from PW,Aldehyde C-11 Undecylenic from PW,
Aldehyde C-12 Lauric Dodecanal 10% in DPG from PW,Aldehyde C-12 Lauric Dodecanal 10% in DPG from PW,
Aldehyde C-12 Lauric Dodecanal from PW,Aldehyde C-12 Lauric Dodecanal from PW,
Aldehyde C-12 MNA 10% in DPG from PW,Aldehyde C-12 MNA 10% in DPG from PW,
Aldehyde C-12 MNA from PW,Aldehyde C-12 MNA from PW,
Aldehyde C-14 Gamma Undecalactone 10% in DPG from PW,Aldehyde C-14 Gamma Undecalactone 10% in DPG from PW,
Aldehyde C-14 Gamma Undecalactone from PW,Aldehyde C-14 Gamma Undecalactone from PW,
Aldehyde C-16 Ethyl Methyl Phenyl Glycidate 10% in DPG from PW,Aldehyde C-16 Ethyl Methyl Phenyl Glycidate 10% in DPG from PW,
Aldehyde C-16 Ethyl Methyl Phenyl Glycidate from PW,Aldehyde C-16 Ethyl Methyl Phenyl Glycidate from PW,
Aldehyde C-18 Gamma Nonalactone 10% in DPG from PW,Aldehyde C-18 Gamma Nonalactone 10% in DPG from PW,
Aldehyde C-18 Gamma Nonalactone from PW,Aldehyde C-18 Gamma Nonalactone from PW,
Aldehyde C-7 Heptanal from PW,Aldehyde C-7 Heptanal from PW,
Aldehyde C-8 Octanal 10% in DPG from PW,Aldehyde C-8 Octanal 10% in DPG from PW,
Aldehyde C-8 Octanal from PW,Aldehyde C-8 Octanal from PW,
Aldehyde C-9 Nonanal 10% in DPG from PW,Aldehyde C-9 Nonanal 10% in DPG from PW,
Aldehyde C-9 Nonanal from PW,Aldehyde C-9 Nonanal from PW,
Algix Pure from PW,Algix Pure from PW,
Allyl Amyl Glycolate 10% in DPG from PW,Allyl Amyl Glycolate 10% in DPG from PW,
Allyl Amyl Glycolate from PW,Allyl Amyl Glycolate from PW,
Allyl Caproate from PW,Allyl Caproate from PW,
Allyl Cyclohexyl Propionate 10% in DPG from PW,Allyl Cyclohexyl Propionate 10% in DPG from PW,
Allyl Cyclohexyl Propionate from PW,Allyl Cyclohexyl Propionate from PW,
Allyl Ionone Cetone V from PW,Allyl Ionone Cetone V from PW,
Alpha Damascone 10% in DPG from PW,Alpha Damascone 10% in DPG from PW,
Alpha Damascone from PW,Alpha Damascone from PW,
Alpha Ionone from PW,Alpha Ionone from PW,
Alpha Irone 10% in Myristic Acid(solid) from PW,Alpha Irone 10% in Myristic Acid(solid) from PW,
Alpha Irone from PW,Alpha Irone from PW,
Alpha Isomethyl Ionone from PW,Alpha Isomethyl Ionone from PW,
Alpha Pinene from PW,Alpha Pinene from PW,
Alpha Terpineol from PW,Alpha Terpineol from PW,
Amber Decane from PW,Amber Decane from PW,
AMBER F-TEC from PW,AMBER F-TEC from PW,
Amber Fleuressence from PW,Amber Fleuressence from PW,
Amber Solid from PW,Amber Solid from PW,
AMBERGRIS F-TEC from PW,AMBERGRIS F-TEC from PW,
Ambergris Fleuressence from PW,Ambergris Fleuressence from PW,
Amberketal IPM from PW,Amberketal IPM from PW,
Ambermax 50% Dowanol TPM from PW,Ambermax 50% Dowanol TPM from PW,
AmberNoir Fleuressence from PW,AmberNoir Fleuressence from PW,
Ambrette Seed Absolute 10% in DPG from PW,Ambrette Seed Absolute 10% in DPG from PW,
Ambrette Seed Absolute from PW,Ambrette Seed Absolute from PW,
AMBRETTE SEED F-TEC from PW,AMBRETTE SEED F-TEC from PW,
Ambrettolide 10% in DPG from PW,Ambrettolide 10% in DPG from PW,
Ambrettolide 50% in DPG from PW,Ambrettolide 50% in DPG from PW,
Ambrettolide from PW,Ambrettolide from PW,
Ambrocenide 10% in DPG from PW,Ambrocenide 10% in DPG from PW,
Ambrocenide 10% in TEC from PW,Ambrocenide 10% in TEC from PW,
Ambrocenide from PW,Ambrocenide from PW,
Ambrofix from PW,Ambrofix from PW,
Ambrox Super 10% in DPG from PW,Ambrox Super 10% in DPG from PW,
Ambrox Super from PW,Ambrox Super from PW,
Ambroxan 10% in DPG from PW,Ambroxan 10% in DPG from PW,
Ambroxan from PW,Ambroxan from PW,
Amyl Cinnamic Aldehyde (ACA) from PW,Amyl Cinnamic Aldehyde (ACA) from PW,
Amyl Salicylate from PW,Amyl Salicylate from PW,
Amyl Valerate from PW,Amyl Valerate from PW,
Amyris Essential Oil from PW,Amyris Essential Oil from PW,
Anethole from PW,Anethole from PW,
ANIMALISSIMO F-TEC from PW,ANIMALISSIMO F-TEC from PW,
Animalissio Blender Fleuressence from PW,Animalissio Blender Fleuressence from PW,
Anisaldehyde from PW,Anisaldehyde from PW,
Anise Essential Oil China from PW,Anise Essential Oil China from PW,
Anisyl Acetate from PW,Anisyl Acetate from PW,
Anisyl Alcohol from PW,Anisyl Alcohol from PW,
Anthopogen Essential Oil from PW,Anthopogen Essential Oil from PW,
APPLE F-TEC from PW,APPLE F-TEC from PW,
Apple Fleuressence from PW,Apple Fleuressence from PW,
Apple Green from PW,Apple Green from PW,
Apple Red from PW,Apple Red from PW,
Apricot Oil - Fixed Oil from PW,Apricot Oil - Fixed Oil from PW,
Apritone from PW,Apritone from PW,
ARABIAN OUD F-TEC from PW,ARABIAN OUD F-TEC from PW,
Arabian Oud Fleuressence from PW,Arabian Oud Fleuressence from PW,
Armoise Essential Oil from PW,Armoise Essential Oil from PW,
Armoise Fleuressence from PW,Armoise Fleuressence from PW,
Atlas Cedarwood Essential Oil from PW,Atlas Cedarwood Essential Oil from PW,
Aurantiol - Methyl Anthranilate Schiffs Base from PW,Aurantiol - Methyl Anthranilate Schiffs Base from PW,
Aurantiol (Methyl Anthranilate Schiffs Base) 50% in DPG from PW,Aurantiol (Methyl Anthranilate Schiffs Base) 50% in DPG from PW,
Avocado Oil - Fixed Oil from PW,Avocado Oil - Fixed Oil from PW,
Azarbre from PW,Azarbre from PW,
B-ICEBERG F-TEC from PW,B-ICEBERG F-TEC from PW,
B-iceBerg Fleuressence from PW,B-iceBerg Fleuressence from PW,
Bacdanol from PW,Bacdanol from PW,
BANANA F-TEC from PW,BANANA F-TEC from PW,
Banana Fleuressence from PW,Banana Fleuressence from PW,
BASIL F-TEC from PW,BASIL F-TEC from PW,
Basil Fleuressence from PW,Basil Fleuressence from PW,
Bay West Indies Essential Oil 10% in DPG from PW,Bay West Indies Essential Oil 10% in DPG from PW,
Bay West Indies Essential Oil from PW,Bay West Indies Essential Oil from PW,
Benjoin Laos Matured from PW,Benjoin Laos Matured from PW,
Benzaldehyde 10% in DPG from PW,Benzaldehyde 10% in DPG from PW,
Benzaldehyde from PW,Benzaldehyde from PW,
BENZOIN F-TEC from PW,BENZOIN F-TEC from PW,
Benzoin Fleuressence from PW,Benzoin Fleuressence from PW,
Benzoin Siam Resinoid 50% in BB from PW,Benzoin Siam Resinoid 50% in BB from PW,
Benzoin Siam Resinoid 50% in DPG from PW,Benzoin Siam Resinoid 50% in DPG from PW,
Benzoin Siam Resinoid from PW,Benzoin Siam Resinoid from PW,
Benzoin Sumatra Resinoid from PW,Benzoin Sumatra Resinoid from PW,
Benzophenone 10% in DPG from PW,Benzophenone 10% in DPG from PW,
Benzophenone from PW,Benzophenone from PW,
Benzyl Acetate from PW,Benzyl Acetate from PW,
Benzyl Alcohol (BA) from PW,Benzyl Alcohol (BA) from PW,
Benzyl Benzoate (BB) from PW,Benzyl Benzoate (BB) from PW,
Benzyl Butyrate from PW,Benzyl Butyrate from PW,
Benzyl Cinnamate 10% in DPG from PW,Benzyl Cinnamate 10% in DPG from PW,
Benzyl Cinnamate from PW,Benzyl Cinnamate from PW,
Benzyl Formate from PW,Benzyl Formate from PW,
Benzyl Isoeugenol 10% in DPG from PW,Benzyl Isoeugenol 10% in DPG from PW,
Benzyl Isoeugenol from PW,Benzyl Isoeugenol from PW,
Benzyl Propionate from PW,Benzyl Propionate from PW,
Benzyl Salicylate from PW,Benzyl Salicylate from PW,
Bergamot Essential Oil from PW,Bergamot Essential Oil from PW,
BERGAMOT F-TEC from PW,BERGAMOT F-TEC from PW,
Bergamot FCF oil Sicilian from PW,Bergamot FCF oil Sicilian from PW,
Bergamot Fleuressence from PW,Bergamot Fleuressence from PW,
Berry Hexanoate (BerryFlor) from PW,Berry Hexanoate (BerryFlor) from PW,
Beta Caryophyllene from PW,Beta Caryophyllene from PW,
Beta Damascone 10% in DPG from PW,Beta Damascone 10% in DPG from PW,
Beta Damascone from PW,Beta Damascone from PW,
Beta Homocyclocitral from PW,Beta Homocyclocitral from PW,
Beta Ionone from PW,Beta Ionone from PW,
Beta Pinene from PW,Beta Pinene from PW,
Birch Tar Essential Oil 1% in DPG from PW,Birch Tar Essential Oil 1% in DPG from PW,
Birch Tar Oil Rectified 10% in DPG from PW,Birch Tar Oil Rectified 10% in DPG from PW,
Birch Tar Oil Rectified from PW,Birch Tar Oil Rectified from PW,
Bitter Orange Essential Oil from PW,Bitter Orange Essential Oil from PW,
Black Agarwood Artificial from PW,Black Agarwood Artificial from PW,
Black Pepper Essential Oil from PW,Black Pepper Essential Oil from PW,
BLACK PEPPER F-TEC from PW,BLACK PEPPER F-TEC from PW,
Black Pepper Fleuressence from PW,Black Pepper Fleuressence from PW,
Black Tea Base from PW,Black Tea Base from PW,
Blackcurrant Absolute 10% in DPG from PW,Blackcurrant Absolute 10% in DPG from PW,
Blackcurrant Absolute from PW,Blackcurrant Absolute from PW,
BLACKCURRANT F-TEC from PW,BLACKCURRANT F-TEC from PW,
Blackcurrant Fleuressence from PW,Blackcurrant Fleuressence from PW,
Blood Orange oil Sicilian from PW,Blood Orange oil Sicilian from PW,
Blue Chamomile Essential Oil 10% in DPG from PW,Blue Chamomile Essential Oil 10% in DPG from PW,
Blue Chamomile Essential Oil from PW,Blue Chamomile Essential Oil from PW,
BOIS DE ROSE F-TEC from PW,BOIS DE ROSE F-TEC from PW,
Borneol 50% in DPG from PW,Borneol 50% in DPG from PW,
Borneol from PW,Borneol from PW,
Bourgeonal 10% in DPG from PW,Bourgeonal 10% in DPG from PW,
Bourgeonal from PW,Bourgeonal from PW,
BROOM F-TEC from PW,BROOM F-TEC from PW,
Broom Fleuressence from PW,Broom Fleuressence from PW,
Buccoxime 10% in DPG from PW,Buccoxime 10% in DPG from PW,
Buccoxime from PW,Buccoxime from PW,
Butyl Butyrate from PW,Butyl Butyrate from PW,
Butyl Isovalerate from PW,Butyl Isovalerate from PW,
Butyl Salicylate from PW,Butyl Salicylate from PW,
Butylated Hydroxytoluene (BHT) antioxidant from PW,Butylated Hydroxytoluene (BHT) antioxidant from PW,
C-CITRUS F-TEC from PW,C-CITRUS F-TEC from PW,
C-Citrus Fleuressence from PW,C-Citrus Fleuressence from PW,
Cabreuva Essential Oil from PW,Cabreuva Essential Oil from PW,
Cade Oil Rectified 10% in DPG from PW,Cade Oil Rectified 10% in DPG from PW,
Cade Oil Rectified from PW,Cade Oil Rectified from PW,
Cade Oil Rectified Oil 1% in DPG from PW,Cade Oil Rectified Oil 1% in DPG from PW,
Cajuput Essential Oil from PW,Cajuput Essential Oil from PW,
Calone 1% in DPG from PW,Calone 1% in DPG from PW,
Calone 10% in DPG from PW,Calone 10% in DPG from PW,
Calone from PW,Calone from PW,
Camphene from PW,Camphene from PW,
CAMPHOR F-TEC from PW,CAMPHOR F-TEC from PW,
Camphor Powder 50% in DPG from PW,Camphor Powder 50% in DPG from PW,
Camphor Powder from PW,Camphor Powder from PW,
Camphor White Essential Oil from PW,Camphor White Essential Oil from PW,
Camphoraceous Fleuressence from PW,Camphoraceous Fleuressence from PW,
Cananga Essential Oil from PW,Cananga Essential Oil from PW,
Caramel Furanone 0.003% from PW,Caramel Furanone 0.003% from PW,
Caramel Furanone 0.03% from PW,Caramel Furanone 0.03% from PW,
Caraway Seed Essential Oil 10% in DPG from PW,Caraway Seed Essential Oil 10% in DPG from PW,
Caraway Seed Essential Oil from PW,Caraway Seed Essential Oil from PW,
Cardamom Essential Oil 10% in DPG from PW,Cardamom Essential Oil 10% in DPG from PW,
Cardamom Essential Oil from PW,Cardamom Essential Oil from PW,
Cardamom Fleuressence from PW,Cardamom Fleuressence from PW,
CARDAMON F-TEC from PW,CARDAMON F-TEC from PW,
CARNATION F-TEC from PW,CARNATION F-TEC from PW,
Carnation Fleuressence from PW,Carnation Fleuressence from PW,
Carrot Seed Essential Oil 10% in DPG from PW,Carrot Seed Essential Oil 10% in DPG from PW,
Carrot Seed Essential Oil from PW,Carrot Seed Essential Oil from PW,
Caryophyllene Acetate from PW,Caryophyllene Acetate from PW,
Cashmeran 10% in DPG from PW,Cashmeran 10% in DPG from PW,
Cashmeran from PW,Cashmeran from PW,
Cashmere Musk Fleuressence from PW,Cashmere Musk Fleuressence from PW,
Cassia Essential Oil 10% in DPG from PW,Cassia Essential Oil 10% in DPG from PW,
Cassia Essential Oil from PW,Cassia Essential Oil from PW,
CASSIE F-TEC from PW,CASSIE F-TEC from PW,
Cassie Fleuressence from PW,Cassie Fleuressence from PW,
CASTOREUM F-TEC from PW,CASTOREUM F-TEC from PW,
Castoreum Fleuressence from PW,Castoreum Fleuressence from PW,
Castoreum Synthetic from PW,Castoreum Synthetic from PW,
Cedarwood Chinese Essential Oil from PW,Cedarwood Chinese Essential Oil from PW,
CEDARWOOD F-TEC from PW,CEDARWOOD F-TEC from PW,
Cedarwood Fleuressence from PW,Cedarwood Fleuressence from PW,
Cedarwood Virginian Essential Oil from PW,Cedarwood Virginian Essential Oil from PW,
Cedramber from PW,Cedramber from PW,
Cedrenyl Acetate from PW,Cedrenyl Acetate from PW,
Cedrol 10% in DPG from PW,Cedrol 10% in DPG from PW,
Cedrol from PW,Cedrol from PW,
Cedroxyde from PW,Cedroxyde from PW,
Cedryl Acetate from PW,Cedryl Acetate from PW,
Celery Seed Essential Oil 10% in DPG from PW,Celery Seed Essential Oil 10% in DPG from PW,
Celery Seed Essential Oil from PW,Celery Seed Essential Oil from PW,
Celestolide 10% in DPG from PW,Celestolide 10% in DPG from PW,
Celestolide from PW,Celestolide from PW,
CHAMPACA F-TEC from PW,CHAMPACA F-TEC from PW,
Champaca Flower Essential Oil 10% in DPG from PW,Champaca Flower Essential Oil 10% in DPG from PW,
Champaca Flower Essential Oil from PW,Champaca Flower Essential Oil from PW,
Champaca Leaf Essential Oil from PW,Champaca Leaf Essential Oil from PW,
Champignol 10% in DPG from PW,Champignol 10% in DPG from PW,
Champignol from PW,Champignol from PW,
CHERRY F-TEC from PW,CHERRY F-TEC from PW,
Cherry Fleuressence from PW,Cherry Fleuressence from PW,
CHOCOLATE F-TEC from PW,CHOCOLATE F-TEC from PW,
Chocolate Fleuressence from PW,Chocolate Fleuressence from PW,
CHYPRE F-TEC from PW,CHYPRE F-TEC from PW,
Chypre Fleuressence from PW,Chypre Fleuressence from PW,
Cinnamon Bark Essential Oil 10% in DPG from PW,Cinnamon Bark Essential Oil 10% in DPG from PW,
Cinnamon Bark Essential Oil from PW,Cinnamon Bark Essential Oil from PW,
CINNAMON F-TEC from PW,CINNAMON F-TEC from PW,
Cinnamon Fleuressence from PW,Cinnamon Fleuressence from PW,
Cinnamon Leaf Essential Oil from PW,Cinnamon Leaf Essential Oil from PW,
Cinnamyl Acetate from PW,Cinnamyl Acetate from PW,
Cinnamyl Alcohol 50% in DPG from PW,Cinnamyl Alcohol 50% in DPG from PW,
Cinnamyl Alcohol from PW,Cinnamyl Alcohol from PW,
Cinnamyl aldehyde 10% in DPG from PW,Cinnamyl aldehyde 10% in DPG from PW,
Cinnamyl Aldehyde from PW,Cinnamyl Aldehyde from PW,
Cinnamyl Nitrile from PW,Cinnamyl Nitrile from PW,
cis-3 Hexenol 10% in DPG from PW,cis-3 Hexenol 10% in DPG from PW,
cis-3 Hexenol from PW,cis-3 Hexenol from PW,
cis-3 Hexenyl Acetate 10% in DPG from PW,cis-3 Hexenyl Acetate 10% in DPG from PW,
cis-3 Hexenyl Acetate from PW,cis-3 Hexenyl Acetate from PW,
cis-3 Hexenyl Benzoate from PW,cis-3 Hexenyl Benzoate from PW,
cis-3 Hexenyl Butyrate 10% in DPG from PW,cis-3 Hexenyl Butyrate 10% in DPG from PW,
cis-3 Hexenyl Butyrate from PW,cis-3 Hexenyl Butyrate from PW,
cis-3 Hexenyl Hexanoate from PW,cis-3 Hexenyl Hexanoate from PW,
cis-3 Hexenyl Salicylate 10% in DPG from PW,cis-3 Hexenyl Salicylate 10% in DPG from PW,
cis-3 Hexenyl Salicylate from PW,cis-3 Hexenyl Salicylate from PW,
cis-Jasmone 10% in DPG from PW,cis-Jasmone 10% in DPG from PW,
cis-Jasmone from PW,cis-Jasmone from PW,
Cistus Absolute F0779 (BIOLANDES) from PW,Cistus Absolute F0779 (BIOLANDES) from PW,
Cistus Essential Oil 10% in DPG from PW,Cistus Essential Oil 10% in DPG from PW,
Cistus Essential Oil from PW,Cistus Essential Oil from PW,
Citral 10% in DPG from PW,Citral 10% in DPG from PW,
Citral from PW,Citral from PW,
Citralva 10% in DPG from PW,Citralva 10% in DPG from PW,
Citrathal from PW,Citrathal from PW,
Citric Acid from PW,Citric Acid from PW,
Citronella Essential Oil from PW,Citronella Essential Oil from PW,
CitronellAL 10% in DPG from PW,CitronellAL 10% in DPG from PW,
CitronellAL from PW,CitronellAL from PW,
CitronellOL from PW,CitronellOL from PW,
Citronellyl Acetate from PW,Citronellyl Acetate from PW,
Citronellyl Formate from PW,Citronellyl Formate from PW,
Citronellyl Nitrile from PW,Citronellyl Nitrile from PW,
Citrus Hystrix Lime Essential Oil from PW,Citrus Hystrix Lime Essential Oil from PW,
Citrus Hystrix Lime Leaf Essential Oil from PW,Citrus Hystrix Lime Leaf Essential Oil from PW,
Civet Art 10% in DPG from PW,Civet Art 10% in DPG from PW,
Civet Art from PW,Civet Art from PW,
CIVET F-TEC from PW,CIVET F-TEC from PW,
Civet Fleuressence from PW,Civet Fleuressence from PW,
Clary Sage Essential Oil from PW,Clary Sage Essential Oil from PW,
CLASSIC SPICE F-TEC from PW,CLASSIC SPICE F-TEC from PW,
Classic Spice Fleuressence from PW,Classic Spice Fleuressence from PW,
Clear Green Blender Fleuressence from PW,Clear Green Blender Fleuressence from PW,
CLEAR GREEN F-TEC from PW,CLEAR GREEN F-TEC from PW,
Clearwood from PW,Clearwood from PW,
Clove Bud Essential Oil from PW,Clove Bud Essential Oil from PW,
CLOVE F-TEC from PW,CLOVE F-TEC from PW,
Clove Fleuressence from PW,Clove Fleuressence from PW,
Clove Leaf Essential Oil from PW,Clove Leaf Essential Oil from PW,
Cocoa Absolute 10% in DPG from PW,Cocoa Absolute 10% in DPG from PW,
Cocoa Absolute 10% in IPM from PW,Cocoa Absolute 10% in IPM from PW,
Cocoa Absolute from PW,Cocoa Absolute from PW,
Cocoa absolute grasse 10% in DPG from PW,Cocoa absolute grasse 10% in DPG from PW,
Cocoa absolute grasse from PW,Cocoa absolute grasse from PW,
COCOA BUTTER F-TEC from PW,COCOA BUTTER F-TEC from PW,
Cocoa Butter Fleuressence from PW,Cocoa Butter Fleuressence from PW,
Cocoa CO2 Extract from PW,Cocoa CO2 Extract from PW,
COCONUT F-TEC from PW,COCONUT F-TEC from PW,
Coconut Fleuressence from PW,Coconut Fleuressence from PW,
Coconut Oil Fractionated (Coconut MCT) Fixed Oil from PW,Coconut Oil Fractionated (Coconut MCT) Fixed Oil from PW,
Coffee absolute grasse 10% in DPG from PW,Coffee absolute grasse 10% in DPG from PW,
Coffee absolute grasse from PW,Coffee absolute grasse from PW,
Coffee CO2 Extract Organic from PW,Coffee CO2 Extract Organic from PW,
COFFEE F-TEC from PW,COFFEE F-TEC from PW,
Coffee Oil Roasted 10% in DPG from PW,Coffee Oil Roasted 10% in DPG from PW,
Coffee Oil Roasted from PW,Coffee Oil Roasted from PW,
COGNAC F-TEC from PW,COGNAC F-TEC from PW,
Cognac Wine Fleuressence from PW,Cognac Wine Fleuressence from PW,
COLOGNE F-TEC from PW,COLOGNE F-TEC from PW,
Cologne Fleuressence from PW,Cologne Fleuressence from PW,
Coniferan from PW,Coniferan from PW,
Coriander Essential Oil 10% in DPG from PW,Coriander Essential Oil 10% in DPG from PW,
Coriander Essential Oil from PW,Coriander Essential Oil from PW,
Cornmint Essential Oil China from PW,Cornmint Essential Oil China from PW,
Cosmone from PW,Cosmone from PW,
Coumarin 10% in DPG from PW,Coumarin 10% in DPG from PW,
Coumarin from PW,Coumarin from PW,
CUCUMBER F-TEC from PW,CUCUMBER F-TEC from PW,
Cucumber Fleuressence from PW,Cucumber Fleuressence from PW,
Cumin Seed Essential Oil 1% in DPG from PW,Cumin Seed Essential Oil 1% in DPG from PW,
Cumin Seed Essential Oil 1% in TEC from PW,Cumin Seed Essential Oil 1% in TEC from PW,
Cumin Seed Essential Oil 10% in TEC from PW,Cumin Seed Essential Oil 10% in TEC from PW,
Cumin Seed Essential Oil from PW,Cumin Seed Essential Oil from PW,
Cyclamen Aldehyde from PW,Cyclamen Aldehyde from PW,
CYCLAMEN F-TEC from PW,CYCLAMEN F-TEC from PW,
Cyclamen Fleuressence from PW,Cyclamen Fleuressence from PW,
Cymene Para from PW,Cymene Para from PW,
Cypress Absolute from PW,Cypress Absolute from PW,
Cypress Essential Oil from PW,Cypress Essential Oil from PW,
D-Limonene from PW,D-Limonene from PW,
Damascenone from PW,Damascenone from PW,
Damascol from PW,Damascol from PW,
Davana Essential Oil 10% in DPG from PW,Davana Essential Oil 10% in DPG from PW,
Davana Essential Oil from PW,Davana Essential Oil from PW,
Decanol (Alcohol C-10) from PW,Decanol (Alcohol C-10) from PW,
Decatone from PW,Decatone from PW,
Delta Decalactone 10% in DPG from PW,Delta Decalactone 10% in DPG from PW,
Delta Decalactone from PW,Delta Decalactone from PW,
DEWBERRY F-TEC from PW,DEWBERRY F-TEC from PW,
Dewberry Fleuressence from PW,Dewberry Fleuressence from PW,
Diacetyl 1% in DPG from PW,Diacetyl 1% in DPG from PW,
Diacetyl from PW,Diacetyl from PW,
Diethyl Malonate from PW,Diethyl Malonate from PW,
Diethyl Phthalate (DEP) from PW,Diethyl Phthalate (DEP) from PW,
Dihydro Beta Ionone from PW,Dihydro Beta Ionone from PW,
Dihydro Carvyl Acetate from PW,Dihydro Carvyl Acetate from PW,
Dihydro Coumarin from PW,Dihydro Coumarin from PW,
Dihydro Jasmone 10% in DPG from PW,Dihydro Jasmone 10% in DPG from PW,
Dihydro Jasmone from PW,Dihydro Jasmone from PW,
Dihydro Myrcenol from PW,Dihydro Myrcenol from PW,
Dihydro Terpinyl Acetate from PW,Dihydro Terpinyl Acetate from PW,
Dill Essential Oil from PW,Dill Essential Oil from PW,
Dimethyl Anthranilate from PW,Dimethyl Anthranilate from PW,
Dimethyl Benzyl Carbinol from PW,Dimethyl Benzyl Carbinol from PW,
Dimethyl Benzyl Carbinyl Acetate from PW,Dimethyl Benzyl Carbinyl Acetate from PW,
Dimethyl Benzyl Carbinyl Butyrate from PW,Dimethyl Benzyl Carbinyl Butyrate from PW,
Dimethyl Sulfide 1% in DPG from PW,Dimethyl Sulfide 1% in DPG from PW,
Dimetol from PW,Dimetol from PW,
Diphenyl Oxide 10% in DPG from PW,Diphenyl Oxide 10% in DPG from PW,
Diphenyl Oxide 50% in DPG from PW,Diphenyl Oxide 50% in DPG from PW,
Diphenyl Oxide from PW,Diphenyl Oxide from PW,
Dipropylene Glycol (DPG) from PW,Dipropylene Glycol (DPG) from PW,
Dodecyl Nitrile 10% in DPG from PW,Dodecyl Nitrile 10% in DPG from PW,
Dodecyl Nitrile from PW,Dodecyl Nitrile from PW,
Dupical 10% in DPG from PW,Dupical 10% in DPG from PW,
Dupical from PW,Dupical from PW,
Dynascone 10% in DPG from PW,Dynascone 10% in DPG from PW,
Dynascone from PW,Dynascone from PW,
E-Edible Fleuressence from PW,E-Edible Fleuressence from PW,
Ebanol from PW,Ebanol from PW,
Elemi Essential Oil from PW,Elemi Essential Oil from PW,
Elemi Gum from PW,Elemi Gum from PW,
Estragon Oil from PW,Estragon Oil from PW,
Ethyl 2-Methylbutyrate 10% in DPG from PW,Ethyl 2-Methylbutyrate 10% in DPG from PW,
Ethyl 2-Methylbutyrate from PW,Ethyl 2-Methylbutyrate from PW,
Ethyl Acetate 10% in DPG from PW,Ethyl Acetate 10% in DPG from PW,
Ethyl Acetate from PW,Ethyl Acetate from PW,
Ethyl Acetoacetate from PW,Ethyl Acetoacetate from PW,
Ethyl Amyl Ketone from PW,Ethyl Amyl Ketone from PW,
Ethyl Anthranilate from PW,Ethyl Anthranilate from PW,
Ethyl Benzoate 10% in DPG from PW,Ethyl Benzoate 10% in DPG from PW,
Ethyl Benzoate from PW,Ethyl Benzoate from PW,
Ethyl Butyrate from PW,Ethyl Butyrate from PW,
Ethyl Heptylate from PW,Ethyl Heptylate from PW,
Ethyl Isovalerate from PW,Ethyl Isovalerate from PW,
Ethyl Lactate from PW,Ethyl Lactate from PW,
Ethyl Levulinate from PW,Ethyl Levulinate from PW,
Ethyl Linalool from PW,Ethyl Linalool from PW,
Ethyl Linalyl Acetate from PW,Ethyl Linalyl Acetate from PW,
Ethyl Maltol 1% in DPG from PW,Ethyl Maltol 1% in DPG from PW,
Ethyl Maltol 5% in DPG from PW,Ethyl Maltol 5% in DPG from PW,
Ethyl Maltol from PW,Ethyl Maltol from PW,
Ethyl Phenyl Acetate 10% in DPG from PW,Ethyl Phenyl Acetate 10% in DPG from PW,
Ethyl Phenyl Acetate from PW,Ethyl Phenyl Acetate from PW,
Ethyl Safranate 10% in DPG from PW,Ethyl Safranate 10% in DPG from PW,
Ethyl Safranate from PW,Ethyl Safranate from PW,
Ethyl Salicylate 10% in DPG from PW,Ethyl Salicylate 10% in DPG from PW,
Ethyl Salicylate from PW,Ethyl Salicylate from PW,
Ethyl Vanillin 10% in DPG from PW,Ethyl Vanillin 10% in DPG from PW,
Ethyl Vanillin from PW,Ethyl Vanillin from PW,
Ethylene Brassylate from PW,Ethylene Brassylate from PW,
Eucalyptol from PW,Eucalyptol from PW,
Eucalyptus Citriodora Essential Oil from PW,Eucalyptus Citriodora Essential Oil from PW,
Eucalyptus Globulus Essential Oil from PW,Eucalyptus Globulus Essential Oil from PW,
Eugenol from PW,Eugenol from PW,
Evening Primrose Oil - Fixed Oil from PW,Evening Primrose Oil - Fixed Oil from PW,
Evernyl 10% in DPG from PW,Evernyl 10% in DPG from PW,
Evernyl from PW,Evernyl from PW,
Exaltolide Pentadecanolide 10% in DPG from PW,Exaltolide Pentadecanolide 10% in DPG from PW,
Exaltolide Pentadecanolide 50% in DPG from PW,Exaltolide Pentadecanolide 50% in DPG from PW,
Exaltolide Pentadecanolide from PW,Exaltolide Pentadecanolide from PW,
F-Fruit Fleuressence from PW,F-Fruit Fleuressence from PW,
F-FRUITY F-TEC from PW,F-FRUITY F-TEC from PW,
Farnesol from PW,Farnesol from PW,
Fennel Sweet Essential Oil from PW,Fennel Sweet Essential Oil from PW,
Fir Essential Oil from PW,Fir Essential Oil from PW,
Fixamber from PW,Fixamber from PW,
Fixative 505 1% in DPG from PW,Fixative 505 1% in DPG from PW,
Fixative 505 10% in DPG from PW,Fixative 505 10% in DPG from PW,
Fixative 505 from PW,Fixative 505 from PW,
Fleurissimo Blender Fleuressence from PW,Fleurissimo Blender Fleuressence from PW,
FLEURISSIMO F-TEC from PW,FLEURISSIMO F-TEC from PW,
Floralozone from PW,Floralozone from PW,
Florol from PW,Florol from PW,
FLOWER BOUQUET F-TEC from PW,FLOWER BOUQUET F-TEC from PW,
Flower Bouquet Fleuressence from PW,Flower Bouquet Fleuressence from PW,
FOUGERE VERT F-TEC from PW,FOUGERE VERT F-TEC from PW,
Fougere Vert Fleuressence from PW,Fougere Vert Fleuressence from PW,
Fragrant Rice Fleuressence from PW,Fragrant Rice Fleuressence from PW,
Frangipani Absolute 10% in DPG from PW,Frangipani Absolute 10% in DPG from PW,
Frangipani Absolute from PW,Frangipani Absolute from PW,
FRANGIPANI F-TEC from PW,FRANGIPANI F-TEC from PW,
Frangipani Fleuressence from PW,Frangipani Fleuressence from PW,
FRANKINCENSE F-TEC from PW,FRANKINCENSE F-TEC from PW,
Frankincense Fleuressence from PW,Frankincense Fleuressence from PW,
FREESIA F-TEC from PW,FREESIA F-TEC from PW,
Freesia Fleuressence from PW,Freesia Fleuressence from PW,
Fresh Blackcurrant Leaf from PW,Fresh Blackcurrant Leaf from PW,
FRESH BLENDER F-TEC from PW,FRESH BLENDER F-TEC from PW,
Fresh Blender Fleuressence from PW,Fresh Blender Fleuressence from PW,
Fructone B from PW,Fructone B from PW,
FRUITY IONONE F-TEC from PW,FRUITY IONONE F-TEC from PW,
Fruity Jasmine Fleuressence from PW,Fruity Jasmine Fleuressence from PW,
Furaneol 10% in PG from PW,Furaneol 10% in PG from PW,
G-GREEN F-TEC from PW,G-GREEN F-TEC from PW,
G-Green Fleuressence from PW,G-Green Fleuressence from PW,
Galanga Root Essential Oil from PW,Galanga Root Essential Oil from PW,
Galaxolide 100 (Undiluted) from PW,Galaxolide 100 (Undiluted) from PW,
Galaxolide 50 DEP from PW,Galaxolide 50 DEP from PW,
Galaxolide 50 DPG from PW,Galaxolide 50 DPG from PW,
Galbanum Essential Oil 10% in DPG from PW,Galbanum Essential Oil 10% in DPG from PW,
Galbanum Essential Oil from PW,Galbanum Essential Oil from PW,
GALBANUM F-TEC from PW,GALBANUM F-TEC from PW,
Galbanum Fleuressence from PW,Galbanum Fleuressence from PW,
Galbanum Resinoid 10% in DPG from PW,Galbanum Resinoid 10% in DPG from PW,
Galbanum Resinoid 10% in TEC from PW,Galbanum Resinoid 10% in TEC from PW,
Galbanum Resinoid 50% in DEP from PW,Galbanum Resinoid 50% in DEP from PW,
Galbanum Resinoid 50% in DPG from PW,Galbanum Resinoid 50% in DPG from PW,
Galbanum Resinoid from PW,Galbanum Resinoid from PW,
Galbex183 from PW,Galbex183 from PW,
Gamma Decalactone 10% in DPG from PW,Gamma Decalactone 10% in DPG from PW,
Gamma Decalactone from PW,Gamma Decalactone from PW,
Gamma Dodecalactone from PW,Gamma Dodecalactone from PW,
Gamma Octalactone 10% in DPG from PW,Gamma Octalactone 10% in DPG from PW,
Gamma Octalactone from PW,Gamma Octalactone from PW,
GARDENIA F-TEC from PW,GARDENIA F-TEC from PW,
Gardenia Fleuressence from PW,Gardenia Fleuressence from PW,
Geosmin 1% in DPG from PW,Geosmin 1% in DPG from PW,
Geosmin 1% in TEC from PW,Geosmin 1% in TEC from PW,
Geraniol from PW,Geraniol from PW,
Geranium Bourbon Essential Oil from PW,Geranium Bourbon Essential Oil from PW,
Geranium Essential Oil from PW,Geranium Essential Oil from PW,
GERANIUM F-TEC from PW,GERANIUM F-TEC from PW,
Geranium Fleuressence from PW,Geranium Fleuressence from PW,
Geranyl Acetate from PW,Geranyl Acetate from PW,
Geranyl Butyrate from PW,Geranyl Butyrate from PW,
Geranyl Formate from PW,Geranyl Formate from PW,
Geranyl Phenylacetate from PW,Geranyl Phenylacetate from PW,
Ginger Essential Oil from PW,Ginger Essential Oil from PW,
GINGER F-TEC from PW,GINGER F-TEC from PW,
Ginger Fleuressence from PW,Ginger Fleuressence from PW,
Givescone from PW,Givescone from PW,
Glycolierral from PW,Glycolierral from PW,
GOURMANDE F-TEC from PW,GOURMANDE F-TEC from PW,
Gourmande Fleuressence from PW,Gourmande Fleuressence from PW,
GRAPE F-TEC from PW,GRAPE F-TEC from PW,
Grape Fleuressence from PW,Grape Fleuressence from PW,
GRAPEFRUIT F-TEC from PW,GRAPEFRUIT F-TEC from PW,
Grapefruit FCF oil Sicilian from PW,Grapefruit FCF oil Sicilian from PW,
Grapefruit Fleuressence from PW,Grapefruit Fleuressence from PW,
Grapefruit Pink Essential Oil from PW,Grapefruit Pink Essential Oil from PW,
Grapefruit White Essential Oil from PW,Grapefruit White Essential Oil from PW,
Grapefruit White oil Sicilian from PW,Grapefruit White oil Sicilian from PW,
Grapeseed Oil - Fixed Oil from PW,Grapeseed Oil - Fixed Oil from PW,
GREEN ALDEHYDE F-TEC from PW,GREEN ALDEHYDE F-TEC from PW,
Green Aldehyde Fleuressence from PW,Green Aldehyde Fleuressence from PW,
Green Pine Absolute 10% in DPG from PW,Green Pine Absolute 10% in DPG from PW,
Green pine absolute from PW,Green pine absolute from PW,
GREEN PINE F-TEC from PW,GREEN PINE F-TEC from PW,
Green Pine Fleuressence from PW,Green Pine Fleuressence from PW,
GREEN TEA F-TEC from PW,GREEN TEA F-TEC from PW,
Green Tea Fleuressence from PW,Green Tea Fleuressence from PW,
Guaiacol 1% in TEC from PW,Guaiacol 1% in TEC from PW,
Guaiacol 10% in DPG from PW,Guaiacol 10% in DPG from PW,
Guaiacol from PW,Guaiacol from PW,
Guaiacwood Essential Oil 10% in DPG from PW,Guaiacwood Essential Oil 10% in DPG from PW,
Guaiacwood Essential Oil 50% in DPG from PW,Guaiacwood Essential Oil 50% in DPG from PW,
Guaiacwood Essential Oil from PW,Guaiacwood Essential Oil from PW,
Guaiyl Acetate from PW,Guaiyl Acetate from PW,
Guava Leaf Essential Oil from PW,Guava Leaf Essential Oil from PW,
H-HERB F-TEC from PW,H-HERB F-TEC from PW,
H-Herb Fleuressence from PW,H-Herb Fleuressence from PW,
Habanolide from PW,Habanolide from PW,
Hay Absolute 10% in DPG from PW,Hay Absolute 10% in DPG from PW,
Hay Absolute from PW,Hay Absolute from PW,
Hedione from PW,Hedione from PW,
Hedione High Cis 10% in TEC from PW,Hedione High Cis 10% in TEC from PW,
Hedione High Cis from PW,Hedione High Cis from PW,
Helional from PW,Helional from PW,
HELIOTROPAL from PW,HELIOTROPAL from PW,
Heliotrope Base - Heliotropin Replacement from PW,Heliotrope Base - Heliotropin Replacement from PW,
HELIOTROPE F-TEC from PW,HELIOTROPE F-TEC from PW,
Heliotrope Fleuressence from PW,Heliotrope Fleuressence from PW,
Helvetolide from PW,Helvetolide from PW,
Hercolyn D from PW,Hercolyn D from PW,
Hexanlactone-gamma from PW,Hexanlactone-gamma from PW,
Hexanoic Acid from PW,Hexanoic Acid from PW,
Hexanol from PW,Hexanol from PW,
Hexyl Acetate from PW,Hexyl Acetate from PW,
Hexyl Cinnamic Aldehyde (HCA) from PW,Hexyl Cinnamic Aldehyde (HCA) from PW,
Hexyl Salicylate from PW,Hexyl Salicylate from PW,
Ho Essential Oil from PW,Ho Essential Oil from PW,
Holy Basil Essential Oil from PW,Holy Basil Essential Oil from PW,
HONEY F-TEC from PW,HONEY F-TEC from PW,
Honey Fleuressence from PW,Honey Fleuressence from PW,
Hyacinth Body 10% in DPG from PW,Hyacinth Body 10% in DPG from PW,
HYACINTH F-TEC from PW,HYACINTH F-TEC from PW,
Hyacinth Fleuressence from PW,Hyacinth Fleuressence from PW,
Hydratropic Aldehyde from PW,Hydratropic Aldehyde from PW,
Hydroxycitronellal from PW,Hydroxycitronellal from PW,
Hyssop Essential Oil from PW,Hyssop Essential Oil from PW,
I-IRIS F-TEC from PW,I-IRIS F-TEC from PW,
I-Iris Fleuressence from PW,I-Iris Fleuressence from PW,
Immortelle Absolute 10% in DPG from PW,Immortelle Absolute 10% in DPG from PW,
Immortelle Absolute from PW,Immortelle Absolute from PW,
Indisan from PW,Indisan from PW,
Indocolore from PW,Indocolore from PW,
Indofleur ND from PW,Indofleur ND from PW,
Indole 10% in DPG from PW,Indole 10% in DPG from PW,
Indole from PW,Indole from PW,
Indolene 10% in DPG from PW,Indolene 10% in DPG from PW,
Indolene from PW,Indolene from PW,
Ionone Fruity Fleuressence from PW,Ionone Fruity Fleuressence from PW,
Irotyl from PW,Irotyl from PW,
Iso E Super from PW,Iso E Super from PW,
Isoamyl Acetate from PW,Isoamyl Acetate from PW,
Isoamyl Butyrate from PW,Isoamyl Butyrate from PW,
Isobornyl Acetate from PW,Isobornyl Acetate from PW,
Isobutavan from PW,Isobutavan from PW,
Isobutyl Quinoline 10% in DPG from PW,Isobutyl Quinoline 10% in DPG from PW,
Isobutyl Quinoline from PW,Isobutyl Quinoline from PW,
Isobutyric Acid 10% in DPG from PW,Isobutyric Acid 10% in DPG from PW,
Isobutyric Acid from PW,Isobutyric Acid from PW,
Isocyclocitral from PW,Isocyclocitral from PW,
Isoeugenol from PW,Isoeugenol from PW,
Isolongifolanone from PW,Isolongifolanone from PW,
Isononyl Acetate from PW,Isononyl Acetate from PW,
Isopropyl Myristate (IPM) from PW,Isopropyl Myristate (IPM) from PW,
Isopropyl Palmitate (IPP) from PW,Isopropyl Palmitate (IPP) from PW,
J-JASMIN F-TEC from PW,J-JASMIN F-TEC from PW,
J-Jasmine Fleuressence from PW,J-Jasmine Fleuressence from PW,
JASMIN ABS F-TEC from PW,JASMIN ABS F-TEC from PW,
JASMIN FRUIT F-TEC from PW,JASMIN FRUIT F-TEC from PW,
Jasmin Lactone from PW,Jasmin Lactone from PW,
Jasmine Absolute 10% in DPG from PW,Jasmine Absolute 10% in DPG from PW,
Jasmine Absolute 10% in Palm Oil Fractionated from PW,Jasmine Absolute 10% in Palm Oil Fractionated from PW,
Jasmine Absolute Fleuressence from PW,Jasmine Absolute Fleuressence from PW,
Jasmine Absolute from PW,Jasmine Absolute from PW,
JASMINE PETAL F-TEC from PW,JASMINE PETAL F-TEC from PW,
Jasmine Petal Fleuressence from PW,Jasmine Petal Fleuressence from PW,
Jasmine Sambac Absolute 10% in DPG from PW,Jasmine Sambac Absolute 10% in DPG from PW,
Jasmine Sambac Absolute from PW,Jasmine Sambac Absolute from PW,
Jasmine Sambac Blossoms from PW,Jasmine Sambac Blossoms from PW,
Javanol from PW,Javanol from PW,
Jessemal Jasmonyl from PW,Jessemal Jasmonyl from PW,
Jojoba Oil - Fixed Oil from PW,Jojoba Oil - Fixed Oil from PW,
Juniper Berry Essential Oil 10% in DPG from PW,Juniper Berry Essential Oil 10% in DPG from PW,
Juniper Berry Essential Oil from PW,Juniper Berry Essential Oil from PW,
Karanal from PW,Karanal from PW,
Kephalis from PW,Kephalis from PW,
Koavone from PW,Koavone from PW,
L-Carvone from PW,L-Carvone from PW,
L-Linalool Fleuressence from PW,L-Linalool Fleuressence from PW,
Labdanum Absolute 10% in DPG from PW,Labdanum Absolute 10% in DPG from PW,
Labdanum Absolute from PW,Labdanum Absolute from PW,
LABDANUM F-TEC from PW,LABDANUM F-TEC from PW,
Labdanum Fleuressence from PW,Labdanum Fleuressence from PW,
Labdanum Resinoid 10% in DEP from PW,Labdanum Resinoid 10% in DEP from PW,
Labdanum Resinoid 10% in DPG from PW,Labdanum Resinoid 10% in DPG from PW,
Labdanum Resinoid from PW,Labdanum Resinoid from PW,
Lauric Acid 10% in DPG from PW,Lauric Acid 10% in DPG from PW,
Lauric Acid from PW,Lauric Acid from PW,
Lavandin Absolute from PW,Lavandin Absolute from PW,
Lavandin Essential Oil from PW,Lavandin Essential Oil from PW,
Lavandin Grosso Essential Oil from PW,Lavandin Grosso Essential Oil from PW,
Lavandin Super from PW,Lavandin Super from PW,
Lavender Aldehyde 10% in DPG from PW,Lavender Aldehyde 10% in DPG from PW,
Lavender Aldehyde from PW,Lavender Aldehyde from PW,
Lavender Essential Oil from PW,Lavender Essential Oil from PW,
LAVENDER F-TEC from PW,LAVENDER F-TEC from PW,
Lavender Fleuressence from PW,Lavender Fleuressence from PW,
Lavender Green Absolute from PW,Lavender Green Absolute from PW,
Lavender Spike Essential Oil from PW,Lavender Spike Essential Oil from PW,
Leafovert from PW,Leafovert from PW,
LEATHER F-TEC from PW,LEATHER F-TEC from PW,
Leather Fleuressence from PW,Leather Fleuressence from PW,
Lemon Essential Oil from PW,Lemon Essential Oil from PW,
LEMON F-TEC from PW,LEMON F-TEC from PW,
Lemon FCF oil Sicilian from PW,Lemon FCF oil Sicilian from PW,
Lemon Fleuressence from PW,Lemon Fleuressence from PW,
Lemon Terpeneless oil Sicilian from PW,Lemon Terpeneless oil Sicilian from PW,
Lemon Verdello oil Sicilian from PW,Lemon Verdello oil Sicilian from PW,
Lemongrass Essential Oil from PW,Lemongrass Essential Oil from PW,
Lemonile from PW,Lemonile from PW,
Lesser Galangal Essential Oil from PW,Lesser Galangal Essential Oil from PW,
Liffarome from PW,Liffarome from PW,
Light Crisp Floral Fleuressence from PW,Light Crisp Floral Fleuressence from PW,
LILAC F-TEC from PW,LILAC F-TEC from PW,
Lilac Fleuressence from PW,Lilac Fleuressence from PW,
Lilial from PW,Lilial from PW,
Lilial Substitute IFRA from PW,Lilial Substitute IFRA from PW,
LILY F-TEC from PW,LILY F-TEC from PW,
Lily Fleuressence from PW,Lily Fleuressence from PW,
Lilylal ND from PW,Lilylal ND from PW,
Lime Distilled Essential Oil from PW,Lime Distilled Essential Oil from PW,
Lime Oxide 10% in TEC from PW,Lime Oxide 10% in TEC from PW,
Lime Oxide from PW,Lime Oxide from PW,
LIME ZEST F-TEC from PW,LIME ZEST F-TEC from PW,
Lime Zest Tops Fleuressence from PW,Lime Zest Tops Fleuressence from PW,
Linalool Oxide from PW,Linalool Oxide from PW,
Linalool Synthetic from PW,Linalool Synthetic from PW,
Linalyl Acetate from PW,Linalyl Acetate from PW,
Linalyl Propionate from PW,Linalyl Propionate from PW,
Litsea Cubeba Essential Oil from PW,Litsea Cubeba Essential Oil from PW,
Lotus Absolute 1% in DPG from PW,Lotus Absolute 1% in DPG from PW,
Lotus Absolute 10% in DPG from PW,Lotus Absolute 10% in DPG from PW,
Lotus Absolute from PW,Lotus Absolute from PW,
Lovage Roots Oil from PW,Lovage Roots Oil from PW,
Lyral from PW,Lyral from PW,
M-MUGUET F-TEC from PW,M-MUGUET F-TEC from PW,
M-Muguet Fleuressence from PW,M-Muguet Fleuressence from PW,
Maceal 10% in DPG from PW,Maceal 10% in DPG from PW,
Maceal from PW,Maceal from PW,
MACROCYCLIC F-TEC from PW,MACROCYCLIC F-TEC from PW,
Macrocyclic Fleuressence from PW,Macrocyclic Fleuressence from PW,
Macrolide from PW,Macrolide from PW,
Magnolan from PW,Magnolan from PW,
MALE FLORAL F-TEC from PW,MALE FLORAL F-TEC from PW,
Male Floral Fleuressence from PW,Male Floral Fleuressence from PW,
MALE WOODSY F-TEC from PW,MALE WOODSY F-TEC from PW,
Male Woodsy Fleuressence from PW,Male Woodsy Fleuressence from PW,
Maltol 1% in DPG from PW,Maltol 1% in DPG from PW,
Maltol 5% in DPG from PW,Maltol 5% in DPG from PW,
Maltol from PW,Maltol from PW,
Mandarin Essential Oil from PW,Mandarin Essential Oil from PW,
MANDARIN F-TEC from PW,MANDARIN F-TEC from PW,
Mandarin Fleuressence from PW,Mandarin Fleuressence from PW,
MANGO F-TEC from PW,MANGO F-TEC from PW,
Mango Fleuressence from PW,Mango Fleuressence from PW,
Manuka Essential Oil from PW,Manuka Essential Oil from PW,
Manzanate from PW,Manzanate from PW,
Maple Lactone 10% in DPG from PW,Maple Lactone 10% in DPG from PW,
Maple Lactone from PW,Maple Lactone from PW,
Mate Absolute 10% in DPG from PW,Mate Absolute 10% in DPG from PW,
Mate Absolute from PW,Mate Absolute from PW,
Mayol from PW,Mayol from PW,
MELON F-TEC from PW,MELON F-TEC from PW,
Melon Fleuressence from PW,Melon Fleuressence from PW,
Melonal 10% in DPG from PW,Melonal 10% in DPG from PW,
Melonal from PW,Melonal from PW,
Menthol Crystals 50% in DPG from PW,Menthol Crystals 50% in DPG from PW,
Menthol Crystals from PW,Menthol Crystals from PW,
Menthone 10% in DPG from PW,Menthone 10% in DPG from PW,
Menthone from PW,Menthone from PW,
Menthyl Acetate from PW,Menthyl Acetate from PW,
Methyl Amyl Ketone from PW,Methyl Amyl Ketone from PW,
Methyl Anthranilate 10% in DPG from PW,Methyl Anthranilate 10% in DPG from PW,
Methyl Anthranilate from PW,Methyl Anthranilate from PW,
Methyl Benzoate 10% in DPG from PW,Methyl Benzoate 10% in DPG from PW,
Methyl Benzoate from PW,Methyl Benzoate from PW,
Methyl Chavicol 10% in DPG from PW,Methyl Chavicol 10% in DPG from PW,
Methyl Chavicol from PW,Methyl Chavicol from PW,
Methyl Cinnamate 10% in DPG from PW,Methyl Cinnamate 10% in DPG from PW,
Methyl cinnamate 50% in DPG from PW,Methyl cinnamate 50% in DPG from PW,
Methyl Cinnamate from PW,Methyl Cinnamate from PW,
Methyl Diantilis from PW,Methyl Diantilis from PW,
Methyl Eugenol from PW,Methyl Eugenol from PW,
Methyl Hexyl Ketone from PW,Methyl Hexyl Ketone from PW,
Methyl Isoeugenol from PW,Methyl Isoeugenol from PW,
Methyl Jasmonate from PW,Methyl Jasmonate from PW,
METHYL LAITONE 10% DPG from PW,METHYL LAITONE 10% DPG from PW,
Methyl Nonyl Ketone from PW,Methyl Nonyl Ketone from PW,
Methyl Octine Carbonate 10% in DPG from PW,Methyl Octine Carbonate 10% in DPG from PW,
Methyl Octine Carbonate from PW,Methyl Octine Carbonate from PW,
Methyl Pample Mousse from PW,Methyl Pample Mousse from PW,
Methyl Pamplemousse 10% in TEC from PW,Methyl Pamplemousse 10% in TEC from PW,
Methyl Salicylate 10% in DPG from PW,Methyl Salicylate 10% in DPG from PW,
Methyl Salicylate from PW,Methyl Salicylate from PW,
MILK F-TEC from PW,MILK F-TEC from PW,
Milk Fleuressence from PW,Milk Fleuressence from PW,
Mimosa Absolute 10% in DPG from PW,Mimosa Absolute 10% in DPG from PW,
Mimosa Absolute from PW,Mimosa Absolute from PW,
MIMOSA F-TEC from PW,MIMOSA F-TEC from PW,
Mimosa Fleuressence from PW,Mimosa Fleuressence from PW,
Muscone from PW,Muscone from PW,
MUSHROOM F-TEC from PW,MUSHROOM F-TEC from PW,
Mushroom Fleuressence from PW,Mushroom Fleuressence from PW,
Musk Concentrate from PW,Musk Concentrate from PW,
Musk Ketone 10% in DEP from PW,Musk Ketone 10% in DEP from PW,
Musk Ketone 10% in DPG from PW,Musk Ketone 10% in DPG from PW,
Musk Ketone from PW,Musk Ketone from PW,
Myrac Aldehyde 10% in DPG from PW,Myrac Aldehyde 10% in DPG from PW,
Myrac Aldehyde from PW,Myrac Aldehyde from PW,
Myrcene from PW,Myrcene from PW,
Myristic Acid from PW,Myristic Acid from PW,
Myrrh Essential Oil from PW,Myrrh Essential Oil from PW,
N-NARCOTIC F-TEC from PW,N-NARCOTIC F-TEC from PW,
N-Narcotic Fleuressence from PW,N-Narcotic Fleuressence from PW,
Nagarmotha Oil from PW,Nagarmotha Oil from PW,
NARCISSUS F-TEC from PW,NARCISSUS F-TEC from PW,
Narcissus Fleuressence from PW,Narcissus Fleuressence from PW,
NATURELLE F-TEC from PW,NATURELLE F-TEC from PW,
Naturelle Fleuressence from PW,Naturelle Fleuressence from PW,
NATURELLE HOMME F-TEC from PW,NATURELLE HOMME F-TEC from PW,
Naturelle Homme Fleuressence from PW,Naturelle Homme Fleuressence from PW,
Neofolione from PW,Neofolione from PW,
Nerol from PW,Nerol from PW,
Neroli Essential Oil 10% in DPG from PW,Neroli Essential Oil 10% in DPG from PW,
Neroli Essential Oil from PW,Neroli Essential Oil from PW,
NEROLI F-TEC from PW,NEROLI F-TEC from PW,
Neroli Fleuressence from PW,Neroli Fleuressence from PW,
Nerolidol from PW,Nerolidol from PW,
Nerolin Bromelia 10% in DPG from PW,Nerolin Bromelia 10% in DPG from PW,
Nerolin Bromelia from PW,Nerolin Bromelia from PW,
Nerolin Yara Yara 10% in DPG from PW,Nerolin Yara Yara 10% in DPG from PW,
Nerolin Yara yara from PW,Nerolin Yara yara from PW,
Neryl Acetate from PW,Neryl Acetate from PW,
NEW MOWN HAY F-TEC from PW,NEW MOWN HAY F-TEC from PW,
New Mown Hay Fleuressence from PW,New Mown Hay Fleuressence from PW,
Niaouli essential oil from PW,Niaouli essential oil from PW,
NITRO MUSK F-TEC from PW,NITRO MUSK F-TEC from PW,
Nitro Musk Fleuressence from PW,Nitro Musk Fleuressence from PW,
Nopyl Acetate from PW,Nopyl Acetate from PW,
NUT F-TEC from PW,NUT F-TEC from PW,
Nut Fleuressence from PW,Nut Fleuressence from PW,
Nutmeg Essential Oil from PW,Nutmeg Essential Oil from PW,
NUTMEG F-TEC from PW,NUTMEG F-TEC from PW,
Nutmeg Fleuressence from PW,Nutmeg Fleuressence from PW,
Nympheal from PW,Nympheal from PW,
O-ORCHID F-TEC from PW,O-ORCHID F-TEC from PW,
O-Orchid Fleuressence from PW,O-Orchid Fleuressence from PW,
Oakmoss Absolute  (IFRA Low Atranol) 10% in DPG from PW,Oakmoss Absolute  (IFRA Low Atranol) 10% in DPG from PW,
Oakmoss Absolute (IFRA Low Atranol) from PW,Oakmoss Absolute (IFRA Low Atranol) from PW,
OAKMOSS F-TEC from PW,OAKMOSS F-TEC from PW,
Oakmoss Fleuressence from PW,Oakmoss Fleuressence from PW,
Oakmoss Resinoid - IFRA Low Atranol from PW,Oakmoss Resinoid - IFRA Low Atranol from PW,
Oakmoss Resinoid (IFRA Low Atranol) 10% in DPG from PW,Oakmoss Resinoid (IFRA Low Atranol) 10% in DPG from PW,
Ocimene from PW,Ocimene from PW,
Olibanum Essential Oil 10% in DPG from PW,Olibanum Essential Oil 10% in DPG from PW,
Olibanum Essential Oil from PW,Olibanum Essential Oil from PW,
Olibanum Resinoid (Viscous) from PW,Olibanum Resinoid (Viscous) from PW,
Olibanum Resinoid 10% in DPG from PW,Olibanum Resinoid 10% in DPG from PW,
Olibanum Resinoid 50% in DEP from PW,Olibanum Resinoid 50% in DEP from PW,
Olibanum Resinoid 50% in DPG from PW,Olibanum Resinoid 50% in DPG from PW,
Olibanum Resinoid Absolute - Solid from PW,Olibanum Resinoid Absolute - Solid from PW,
Olive Oil - Fixed Oil from PW,Olive Oil - Fixed Oil from PW,
Opoponax Absolute from PW,Opoponax Absolute from PW,
Opoponax Essential Oil 10% in DPG from PW,Opoponax Essential Oil 10% in DPG from PW,
Opoponax Essential Oil from PW,Opoponax Essential Oil from PW,
Opoponax Resinoid 50% in BB from PW,Opoponax Resinoid 50% in BB from PW,
Opoponax Resinoid 50% in DPG from PW,Opoponax Resinoid 50% in DPG from PW,
Opoponax Resinoid from PW,Opoponax Resinoid from PW,
ORANGE F-TEC from PW,ORANGE F-TEC from PW,
Orange Fleuressence from PW,Orange Fleuressence from PW,
Orange Flower Absolute 10% in DPG from PW,Orange Flower Absolute 10% in DPG from PW,
Orange Flower Absolute from PW,Orange Flower Absolute from PW,
ORANGE FLOWER F-TEC from PW,ORANGE FLOWER F-TEC from PW,
Orange Flower Fleuressence from PW,Orange Flower Fleuressence from PW,
Oranger Crystals 10% in DPG from PW,Oranger Crystals 10% in DPG from PW,
Oranger Crystals from PW,Oranger Crystals from PW,
ORCHIDIA BLENDER F-TEC from PW,ORCHIDIA BLENDER F-TEC from PW,
Orchidia Blender Fleuressence from PW,Orchidia Blender Fleuressence from PW,
Oregano Essential Oil 10% in DPG from PW,Oregano Essential Oil 10% in DPG from PW,
Oregano Essential Oil from PW,Oregano Essential Oil from PW,
Organic Lavender Essential Oil from PW,Organic Lavender Essential Oil from PW,
ORIENTAL F-TEC from PW,ORIENTAL F-TEC from PW,
Oriental Fleuressence from PW,Oriental Fleuressence from PW,
Orivone from PW,Orivone from PW,
Orris Concrete Orris Butter 10% in DPG from PW,Orris Concrete Orris Butter 10% in DPG from PW,
Orris Concrete Orris Butter from PW,Orris Concrete Orris Butter from PW,
ORRIS F-TEC from PW,ORRIS F-TEC from PW,
Orris Fleuressence from PW,Orris Fleuressence from PW,
Osmanthus Absolute 10% in DPG from PW,Osmanthus Absolute 10% in DPG from PW,
Osmanthus Absolute from PW,Osmanthus Absolute from PW,
Osyrol from PW,Osyrol from PW,
Oud Base from PW,Oud Base from PW,
OZONE F-TEC from PW,OZONE F-TEC from PW,
Ozone Fleuressence from PW,Ozone Fleuressence from PW,
P-PHENOL F-TEC from PW,P-PHENOL F-TEC from PW,
P-Phenol Fleuressence from PW,P-Phenol Fleuressence from PW,
Palm Oil Fractionated - Fixed Oil (Palm MCT) from PW,Palm Oil Fractionated - Fixed Oil (Palm MCT) from PW,
Palmarosa Essential Oil from PW,Palmarosa Essential Oil from PW,
para-Cresol 10% in DPG from PW,para-Cresol 10% in DPG from PW,
para-Cresol from PW,para-Cresol from PW,
para-Cresyl Acetate 10% in DPG from PW,para-Cresyl Acetate 10% in DPG from PW,
para-Cresyl Acetate from PW,para-Cresyl Acetate from PW,
para-Cresyl Methyl Ether 10% in DPG from PW,para-Cresyl Methyl Ether 10% in DPG from PW,
para-Cresyl Methyl Ether from PW,para-Cresyl Methyl Ether from PW,
para-Cresyl Phenyl Acetate 10% in DPG from PW,para-Cresyl Phenyl Acetate 10% in DPG from PW,
para-Cresyl Phenyl Acetate from PW,para-Cresyl Phenyl Acetate from PW,
para-Methyl Acetophenone from PW,para-Methyl Acetophenone from PW,
Paradisamide from PW,Paradisamide from PW,
Parmavert 10% in DPG from PW,Parmavert 10% in DPG from PW,
Parmavert from PW,Parmavert from PW,
Parsley Seed Essential Oil from PW,Parsley Seed Essential Oil from PW,
Parsley Seed Oil 10% in DPG from PW,Parsley Seed Oil 10% in DPG from PW,
Patchouli Essential Oil from PW,Patchouli Essential Oil from PW,
PATCHOULI F-TEC from PW,PATCHOULI F-TEC from PW,
Patchouli Fleuressence from PW,Patchouli Fleuressence from PW,
PEACH F-TEC from PW,PEACH F-TEC from PW,
Peach Fleuressence from PW,Peach Fleuressence from PW,
Peonile from PW,Peonile from PW,
Peppermint Essential Oil from PW,Peppermint Essential Oil from PW,
PEPPERMINT F-TEC from PW,PEPPERMINT F-TEC from PW,
Peppermint Fleuressence from PW,Peppermint Fleuressence from PW,
Peru Balsam Resinoid 50% in BB from PW,Peru Balsam Resinoid 50% in BB from PW,
Peru Balsam Resinoid 50% in DPG from PW,Peru Balsam Resinoid 50% in DPG from PW,
Peru Balsam Resinoid from PW,Peru Balsam Resinoid from PW,
Petitgrain Essential Oil Paraguay from PW,Petitgrain Essential Oil Paraguay from PW,
Phenoxy Ethyl Isobutyrate from PW,Phenoxy Ethyl Isobutyrate from PW,
Phenyl Acetaldehyde 85% in PEA from PW,Phenyl Acetaldehyde 85% in PEA from PW,
Phenyl Acetaldehyde Dimethyl Acetal (PADMA) 10% in DPG from PW,Phenyl Acetaldehyde Dimethyl Acetal (PADMA) 10% in DPG from PW,
Phenyl Acetaldehyde Dimethyl Acetal (PADMA) from PW,Phenyl Acetaldehyde Dimethyl Acetal (PADMA) from PW,
Phenyl Ethyl Acetate from PW,Phenyl Ethyl Acetate from PW,
Phenyl Ethyl Alcohol (PEA) from PW,Phenyl Ethyl Alcohol (PEA) from PW,
Phenyl Ethyl Dimethyl Carbinol from PW,Phenyl Ethyl Dimethyl Carbinol from PW,
Phenyl Ethyl Dimethyl Carbinyl Acetate from PW,Phenyl Ethyl Dimethyl Carbinyl Acetate from PW,
Phenyl Ethyl Formate from PW,Phenyl Ethyl Formate from PW,
Phenyl Ethyl Isoamyl Ether 10% in DPG from PW,Phenyl Ethyl Isoamyl Ether 10% in DPG from PW,
Phenyl Ethyl Isoamyl Ether from PW,Phenyl Ethyl Isoamyl Ether from PW,
Phenyl Ethyl Isobutyrate from PW,Phenyl Ethyl Isobutyrate from PW,
Phenyl Ethyl Phenyl Acetate 50% in DPG from PW,Phenyl Ethyl Phenyl Acetate 50% in DPG from PW,
Phenyl Ethyl Phenyl Acetate from PW,Phenyl Ethyl Phenyl Acetate from PW,
Phenyl Ethyl Salicylate 10% in DPG from PW,Phenyl Ethyl Salicylate 10% in DPG from PW,
Phenyl Ethyl Salicylate from PW,Phenyl Ethyl Salicylate from PW,
Phenyl Propyl Alcohol from PW,Phenyl Propyl Alcohol from PW,
Phenylacetaldehyde 10% in DPG from PW,Phenylacetaldehyde 10% in DPG from PW,
Phenylacetaldehyde 50% in PEA from PW,Phenylacetaldehyde 50% in PEA from PW,
Physeol from PW,Physeol from PW,
Pine Essential Oil from PW,Pine Essential Oil from PW,
PINE F-TEC from PW,PINE F-TEC from PW,
Pine Fleuressence from PW,Pine Fleuressence from PW,
Pine Needle Essential Oil from PW,Pine Needle Essential Oil from PW,
PINE NEEDLE F-TEC from PW,PINE NEEDLE F-TEC from PW,
Pine Needle Fleuressence from PW,Pine Needle Fleuressence from PW,
PINEAPPLE F-TEC from PW,PINEAPPLE F-TEC from PW,
Pineapple Fleuressence from PW,Pineapple Fleuressence from PW,
Pink Pepper Essential Oil from PW,Pink Pepper Essential Oil from PW,
Piperonyl acetate from PW,Piperonyl acetate from PW,
Plai Essential Oil Siam from PW,Plai Essential Oil Siam from PW,
Polysantol from PW,Polysantol from PW,
Pomelo Essential Oil from PW,Pomelo Essential Oil from PW,
POWDERY F-TEC from PW,POWDERY F-TEC from PW,
Powdery Fleuressence from PW,Powdery Fleuressence from PW,
Precyclemone B from PW,Precyclemone B from PW,
Prenyl Acetate from PW,Prenyl Acetate from PW,
Propylene Glycol (PG) from PW,Propylene Glycol (PG) from PW,
PRUNE F-TEC from PW,PRUNE F-TEC from PW,
Prune Fleuressence from PW,Prune Fleuressence from PW,
Pyralone 10% in DPG from PW,Pyralone 10% in DPG from PW,
Pyralone from PW,Pyralone from PW,
Q-QUEEN F-TEC from PW,Q-QUEEN F-TEC from PW,
Q-Queen of the Orient Fleuressence from PW,Q-Queen of the Orient Fleuressence from PW,
R-ROSE F-TEC from PW,R-ROSE F-TEC from PW,
R-Rose Fleuressence from PW,R-Rose Fleuressence from PW,
RASPBERRY F-TEC from PW,RASPBERRY F-TEC from PW,
Raspberry Fleuressence from PW,Raspberry Fleuressence from PW,
Raspberry Ketone 10% in DPG from PW,Raspberry Ketone 10% in DPG from PW,
Raspberry Ketone from PW,Raspberry Ketone from PW,
Red Saffron Infusion from PW,Red Saffron Infusion from PW,
Rhodinol ex Citronella from PW,Rhodinol ex Citronella from PW,
Rhodinol Ex-Natural from PW,Rhodinol Ex-Natural from PW,
Rhubofix from PW,Rhubofix from PW,
Rice Bran Oil - Fixed Oil from PW,Rice Bran Oil - Fixed Oil from PW,
Roman Chamomile Essential Oil 10% in DPG from PW,Roman Chamomile Essential Oil 10% in DPG from PW,
Roman Chamomile Essential Oil from PW,Roman Chamomile Essential Oil from PW,
Romandolide from PW,Romandolide from PW,
Root Fleuressence from PW,Root Fleuressence from PW,
Rosalva 10% in DPG from PW,Rosalva 10% in DPG from PW,
Rosalva from PW,Rosalva from PW,
Rose Absolute Pentalol (Mefrosol) from PW,Rose Absolute Pentalol (Mefrosol) from PW,
ROSE ALDEHYDE F-TEC from PW,ROSE ALDEHYDE F-TEC from PW,
Rose Aldehyde Fleuressence from PW,Rose Aldehyde Fleuressence from PW,
Rose de Mai Absolute 10% in DPG from PW,Rose de Mai Absolute 10% in DPG from PW,
Rose de Mai Absolute from PW,Rose de Mai Absolute from PW,
ROSE DE MAI F-TEC from PW,ROSE DE MAI F-TEC from PW,
Rose de Mai Fleuressence from PW,Rose de Mai Fleuressence from PW,
Rose Otto Anatolian 10% in DPG from PW,Rose Otto Anatolian 10% in DPG from PW,
Rose Otto Anatolian from PW,Rose Otto Anatolian from PW,
Rose Otto Bulgarian 10% in DPG from PW,Rose Otto Bulgarian 10% in DPG from PW,
Rose Otto Bulgarian from PW,Rose Otto Bulgarian from PW,
ROSE OTTO F-TEC from PW,ROSE OTTO F-TEC from PW,
Rose Otto Fleuressence from PW,Rose Otto Fleuressence from PW,
Rose Oxide 10% in DPG from PW,Rose Oxide 10% in DPG from PW,
Rose Oxide from PW,Rose Oxide from PW,
ROSE PETAL F-TEC from PW,ROSE PETAL F-TEC from PW,
Rose Petal Fleuressence from PW,Rose Petal Fleuressence from PW,
Rosemary Antioxidant - Extract from PW,Rosemary Antioxidant - Extract from PW,
Rosemary Essential Oil from PW,Rosemary Essential Oil from PW,
ROSEMARY F-TEC from PW,ROSEMARY F-TEC from PW,
Rosemary Fleuressence from PW,Rosemary Fleuressence from PW,
Rosewood Leaf Essential Oil from PW,Rosewood Leaf Essential Oil from PW,
Rosone Rose Crystals 10% in DEP from PW,Rosone Rose Crystals 10% in DEP from PW,
Rosone Rose Crystals 10% in DPG from PW,Rosone Rose Crystals 10% in DPG from PW,
Rosone Rose Crystals from PW,Rosone Rose Crystals from PW,
S-SPICE F-TEC from PW,S-SPICE F-TEC from PW,
S-Spice Fleuressence from PW,S-Spice Fleuressence from PW,
Safflower Oil - Fixed Oil from PW,Safflower Oil - Fixed Oil from PW,
Saffranal 10% in DPG from PW,Saffranal 10% in DPG from PW,
Saffranal from PW,Saffranal from PW,
SAFFRON F-TEC from PW,SAFFRON F-TEC from PW,
Saffron Fleuressence from PW,Saffron Fleuressence from PW,
Saffron Oil Light from PW,Saffron Oil Light from PW,
Safraleine from PW,Safraleine from PW,
Safranal 1% in DPG from PW,Safranal 1% in DPG from PW,
Sage Dalmation Essential Oil from PW,Sage Dalmation Essential Oil from PW,
Sandalore from PW,Sandalore from PW,
Sandalwood Base from PW,Sandalwood Base from PW,
Sandalwood Essential Oil 10% in DPG from PW,Sandalwood Essential Oil 10% in DPG from PW,
Sandalwood Essential Oil from PW,Sandalwood Essential Oil from PW,
Sandalwood Extra 208 from PW,Sandalwood Extra 208 from PW,
SANDALWOOD F-TEC from PW,SANDALWOOD F-TEC from PW,
Sandalwood Fleuressence from PW,Sandalwood Fleuressence from PW,
Sandalwood Oil S.spicatum from PW,Sandalwood Oil S.spicatum from PW,
Sandenol 208 from PW,Sandenol 208 from PW,
Sandenol 803 from PW,Sandenol 803 from PW,
Scentenal 10% in DPG from PW,Scentenal 10% in DPG from PW,
Scentenal from PW,Scentenal from PW,
SEAWEED F-TEC from PW,SEAWEED F-TEC from PW,
Seaweed Fleuressence from PW,Seaweed Fleuressence from PW,
Skatole 1% in DPG from PW,Skatole 1% in DPG from PW,
Skatole from PW,Skatole from PW,
Spanish Sage Essential Oil from PW,Spanish Sage Essential Oil from PW,
Spearmint Essential Oil 10% in DPG from PW,Spearmint Essential Oil 10% in DPG from PW,
Spikenard Essential Oil from PW,Spikenard Essential Oil from PW,
Stemone 10% in DPG from PW,Stemone 10% in DPG from PW,
Stemone from PW,Stemone from PW,
STRAWBERRY F-TEC from PW,STRAWBERRY F-TEC from PW,
Strawberry Fleuressence from PW,Strawberry Fleuressence from PW,
Styralyl Acetate 10% in DPG from PW,Styralyl Acetate 10% in DPG from PW,
Styralyl Acetate from PW,Styralyl Acetate from PW,
Styralyl Alcohol from PW,Styralyl Alcohol from PW,
Styralyl Propionate from PW,Styralyl Propionate from PW,
STYRAX F-TEC from PW,STYRAX F-TEC from PW,
Styrax Fleuressence from PW,Styrax Fleuressence from PW,
Styrax Resinoid 10% in DPG from PW,Styrax Resinoid 10% in DPG from PW,
Styrax Resinoid from PW,Styrax Resinoid from PW,
Sugandha Kokila Essential Oil from PW,Sugandha Kokila Essential Oil from PW,
Sulfurol 1% in DPG from PW,Sulfurol 1% in DPG from PW,
Sulfurol from PW,Sulfurol from PW,
Sunflower Oil - Fixed Oil from PW,Sunflower Oil - Fixed Oil from PW,
Sweet Almond Oil - Fixed Oil from PW,Sweet Almond Oil - Fixed Oil from PW,
Sweet Basil Essential Oil from PW,Sweet Basil Essential Oil from PW,
Sweet Marjoram Essential Oil from PW,Sweet Marjoram Essential Oil from PW,
Sweet Orange Essential Oil from PW,Sweet Orange Essential Oil from PW,
SWEET VANILLA F-TEC from PW,SWEET VANILLA F-TEC from PW,
Sweet Vanilla Fleuressence from PW,Sweet Vanilla Fleuressence from PW,
SYRINGA F-TEC from PW,SYRINGA F-TEC from PW,
Syringa Fleuressence from PW,Syringa Fleuressence from PW,
T-Tar and Smoke Fleuressence from PW,T-Tar and Smoke Fleuressence from PW,
T-TAR SMOKE F-TEC from PW,T-TAR SMOKE F-TEC from PW,
Tagetes Essential Oil 10% in DPG from PW,Tagetes Essential Oil 10% in DPG from PW,
Tagetes Essential Oil from PW,Tagetes Essential Oil from PW,
Tangerine Essential Oil from PW,Tangerine Essential Oil from PW,
TEA ROSE F-TEC from PW,TEA ROSE F-TEC from PW,
Tea Rose Fleuressence from PW,Tea Rose Fleuressence from PW,
Tea Tree Oil from PW,Tea Tree Oil from PW,
Terpineol from PW,Terpineol from PW,
Terpinolene from PW,Terpinolene from PW,
Terpinyl Acetate from PW,Terpinyl Acetate from PW,
Tetrahydro Geraniol from PW,Tetrahydro Geraniol from PW,
Tetrahydro Muguol from PW,Tetrahydro Muguol from PW,
THYME F-TEC from PW,THYME F-TEC from PW,
Thyme Fleuressence from PW,Thyme Fleuressence from PW,
Thymol 10% in DPG from PW,Thymol 10% in DPG from PW,
Thymol from PW,Thymol from PW,
Timberol from PW,Timberol from PW,
Tobacco Absolute 10% in DPG from PW,Tobacco Absolute 10% in DPG from PW,
Tobacco Absolute from PW,Tobacco Absolute from PW,
TOBACCO F-TEC from PW,TOBACCO F-TEC from PW,
Tobacco Fleuressence from PW,Tobacco Fleuressence from PW,
Tolu Balsam Absolute (Solid) from PW,Tolu Balsam Absolute (Solid) from PW,
Tolu Balsam Resinoid (50% in BB) from PW,Tolu Balsam Resinoid (50% in BB) from PW,
Tolu Balsam Resinoid 10% in DPG from PW,Tolu Balsam Resinoid 10% in DPG from PW,
Tolu Balsam Resinoid 50% in DPG from PW,Tolu Balsam Resinoid 50% in DPG from PW,
Tolu Balsam Resinoid from PW,Tolu Balsam Resinoid from PW,
Tomato Leaf Natural 10% in DPG from PW,Tomato Leaf Natural 10% in DPG from PW,
Tomato Leaf Natural from PW,Tomato Leaf Natural from PW,
Tonalide 10% in DPG from PW,Tonalide 10% in DPG from PW,
Tonalide from PW,Tonalide from PW,
Tonka Bean Absolute 10% in DPG from PW,Tonka Bean Absolute 10% in DPG from PW,
Tonka Bean Absolute from PW,Tonka Bean Absolute from PW,
Toscanol from PW,Toscanol from PW,
Trans-2-cis-6-nonadienoal 1% in DPG from PW,Trans-2-cis-6-nonadienoal 1% in DPG from PW,
Treemoss Absolute 10% in DEP from PW,Treemoss Absolute 10% in DEP from PW,
Treemoss Absolute 10% in DPG from PW,Treemoss Absolute 10% in DPG from PW,
Treemoss Absolute from PW,Treemoss Absolute from PW,
Triethyl Citrate (TEC) from PW,Triethyl Citrate (TEC) from PW,
Triplal 10% in DPG from PW,Triplal 10% in DPG from PW,
Triplal from PW,Triplal from PW,
TRUE LILY F-TEC from PW,TRUE LILY F-TEC from PW,
Tuberalia Base from PW,Tuberalia Base from PW,
Tuberose Absolute 10% in DPG from PW,Tuberose Absolute 10% in DPG from PW,
Tuberose Absolute 10% in TEC from PW,Tuberose Absolute 10% in TEC from PW,
Tuberose Absolute from PW,Tuberose Absolute from PW,
TUBEROSE F-TEC from PW,TUBEROSE F-TEC from PW,
Tuberose Fleuressence from PW,Tuberose Fleuressence from PW,
Turkish Rose Blossoms from PW,Turkish Rose Blossoms from PW,
Turmeric Essential Oil from PW,Turmeric Essential Oil from PW,
Turpentine Oil from PW,Turpentine Oil from PW,
U-ANIMAL F-TEC from PW,U-ANIMAL F-TEC from PW,
U-Animal Fleuressence from PW,U-Animal Fleuressence from PW,
Ultralia from PW,Ultralia from PW,
Undecavertol from PW,Undecavertol from PW,
V-VANILLA F-TEC from PW,V-VANILLA F-TEC from PW,
V-Vanilla Fleuressence from PW,V-Vanilla Fleuressence from PW,
Valeraldehyde Iso 1% in DPG from PW,Valeraldehyde Iso 1% in DPG from PW,
Valeraldehyde Iso 1% in TEC from PW,Valeraldehyde Iso 1% in TEC from PW,
Vanilla Absolute 10% in DPG from PW,Vanilla Absolute 10% in DPG from PW,
Vanilla Absolute 5% in DPG from PW,Vanilla Absolute 5% in DPG from PW,
Vanilla Absolute from PW,Vanilla Absolute from PW,
Vanillin 10% in DPG from PW,Vanillin 10% in DPG from PW,
Vanillin from PW,Vanillin from PW,
Veloutone from PW,Veloutone from PW,
Velvione from PW,Velvione from PW,
Verbena Oil from PW,Verbena Oil from PW,
Verdantiol from PW,Verdantiol from PW,
Verdox from PW,Verdox from PW,
Verdyl Acetate from PW,Verdyl Acetate from PW,
Verdyl Propionate from PW,Verdyl Propionate from PW,
Vertenex from PW,Vertenex from PW,
Vertofix Couer from PW,Vertofix Couer from PW,
Vetival from PW,Vetival from PW,
Vetiver Essential Oil from PW,Vetiver Essential Oil from PW,
VETIVER F-TEC from PW,VETIVER F-TEC from PW,
Vetivert Fleuressence from PW,Vetivert Fleuressence from PW,
Vetiveryl Acetate from PW,Vetiveryl Acetate from PW,
VIOLET F-TEC from PW,VIOLET F-TEC from PW,
Violet Fleuressence from PW,Violet Fleuressence from PW,
Violet Leaf Absolute 10% in DPG from PW,Violet Leaf Absolute 10% in DPG from PW,
Violet Leaf Absolute from PW,Violet Leaf Absolute from PW,
Virgin Coconut Oil - Fixed Oil from PW,Virgin Coconut Oil - Fixed Oil from PW,
Vitamin E Acetate - Fixed Oil from PW,Vitamin E Acetate - Fixed Oil from PW,
W-WOOD F-TEC from PW,W-WOOD F-TEC from PW,
W-Wood Fleuressence from PW,W-Wood Fleuressence from PW,
White Mineral Oil - Fixed Oil from PW,White Mineral Oil - Fixed Oil from PW,
WHITE MUSK F-TEC from PW,WHITE MUSK F-TEC from PW,
White Musk Fleuressence from PW,White Musk Fleuressence from PW,
WHITE OAK F-TEC from PW,WHITE OAK F-TEC from PW,
White Oak Fleuressence from PW,White Oak Fleuressence from PW,
White Thyme Essential Oil 10% in DPG from PW,White Thyme Essential Oil 10% in DPG from PW,
White Thyme Essential Oil from PW,White Thyme Essential Oil from PW,
Wintergreen Essential Oil from PW,Wintergreen Essential Oil from PW,
WOOD SMOKE F-TEC from PW,WOOD SMOKE F-TEC from PW,
Wood Smoke Fleuressence from PW,Wood Smoke Fleuressence from PW,
X-MUSK F-TEC from PW,X-MUSK F-TEC from PW,
X-Musk Fleuressence from PW,X-Musk Fleuressence from PW,
Y-MOSSY F-TEC from PW,Y-MOSSY F-TEC from PW,
Y-Mossy Fleuressence from PW,Y-Mossy Fleuressence from PW,
Ylang Comoros Complete Essential Oil F3255 (BIOLANDES) from PW,Ylang Comoros Complete Essential Oil F3255 (BIOLANDES) from PW,
Ylang Comoros Extra Essential Oil F3350 (BIOLANDES) from PW,Ylang Comoros Extra Essential Oil F3350 (BIOLANDES) from PW,
Ylang Comoros I essential oil F3330 (BIOLANDES) from PW,Ylang Comoros I essential oil F3330 (BIOLANDES) from PW,
Ylang Comoros II essential oil F3315 (BIOLANDES) from PW,Ylang Comoros II essential oil F3315 (BIOLANDES) from PW,
Ylang Comoros III essential oil F3295 (BIOLANDES) from PW,Ylang Comoros III essential oil F3295 (BIOLANDES) from PW,
YLANG F-TEC from PW,YLANG F-TEC from PW,
Ylang Madagascar Complete ORGANIC Ess. oil N1450 (BIOLANDES) from PW,Ylang Madagascar Complete ORGANIC Ess. oil N1450 (BIOLANDES) from PW,
Ylang Ylang Essential Oil Extra from PW,Ylang Ylang Essential Oil Extra from PW,
Ylang Ylang Essential Oil from PW,Ylang Ylang Essential Oil from PW,
Ylang Ylang Fleuressence from PW,Ylang Ylang Fleuressence from PW,
Z11 HD 8.5 from PW,Z11 HD 8.5 from PW,
Zenolide from PW,Zenolide from PW,
,,
Alcohol,Ethanol 99.9%,